{
  "engine": "numpy-GBDT (fallback)",
  "dataset": "synthetic_dataset.csv",
  "n_total": 800,
  "n_used": 768,
  "n_outliers": 32,
  "n_train": 615,
  "n_val": 153,
  "metrics_baseline": {
    "MAE": 0.8764705882352941,
    "MAPE": 4.940559287217975,
    "R2": 0.9461317341777531
  },
  "metrics_ml": {
    "MAE": 0.6964870057296989,
    "MAPE": 4.059178882038511,
    "R2": 0.966171105706326
  },
  "anchor": {
    "baseline": 20.26,
    "delta": 1.24,
    "pred": 21.49,
    "ok": true
  },
  "criteria_ok": true,
  "importances": {
    "width_mm": 0.06023054755043228,
    "height_mm": 0.017867435158501442,
    "depth_mm": 0.007492795389048991,
    "mount_panel": 0.0008645533141210375,
    "din_inclined": 0.01181556195965418,
    "cable_entries": 0.06138328530259366,
    "breakers_le63": 0.04610951008645533,
    "load_switches": 0.014697406340057636,
    "contactors": 0.05302593659942363,
    "rcd": 0.021037463976945246,
    "freq_converters": 0.09077809798270893,
    "soft_starters": 0.006051873198847263,
    "power_supplies": 0.003170028818443804,
    "phase_relays": 0.013256484149855908,
    "relays": 0.07636887608069164,
    "fans": 0.02420749279538905,
    "thermostats": 0.0,
    "fuse_holders": 0.059654178674351584,
    "signal_lamps": 0.0452449567723343,
    "analog_4_20mA": 0.08069164265129683,
    "interfaces_count": 0.027377521613832854,
    "terminals": 0.14207492795389048,
    "ip_rating": 0.04899135446685879,
    "plc_type": 0.05734870317002882,
    "hmi_type": 0.03025936599423631
  },
  "val": {
    "actual": [
      28.5,
      16.37,
      17.64,
      20.94,
      21.07,
      16.07,
      11.41,
      20.02,
      16.92,
      20.13,
      12.12,
      13.46,
      14.96,
      14.29,
      19.11,
      16.26,
      18.67,
      16.83,
      22.54,
      18.0,
      18.6,
      20.98,
      18.9,
      19.15,
      12.77,
      11.95,
      19.46,
      25.83,
      23.59,
      14.61,
      16.87,
      15.4,
      16.63,
      20.2,
      14.31,
      12.7,
      22.86,
      14.51,
      17.43,
      12.87,
      20.83,
      12.7,
      11.94,
      14.5,
      22.66,
      9.34,
      11.56,
      22.66,
      7.34,
      12.01,
      19.19,
      16.81,
      25.41,
      11.55,
      22.54,
      16.83,
      19.65,
      21.25,
      25.69,
      27.1,
      11.32,
      11.82,
      19.84,
      22.17,
      5.84,
      16.12,
      18.73,
      13.53,
      15.46,
      21.26,
      14.03,
      16.19,
      18.52,
      11.79,
      17.1,
      11.79,
      15.48,
      19.31,
      15.86,
      14.36,
      18.61,
      12.98,
      16.04,
      16.0,
      6.67,
      18.68,
      18.93,
      13.36,
      11.45,
      26.69,
      12.92,
      18.51,
      13.22,
      10.33,
      20.82,
      16.3,
      26.54,
      21.6,
      18.82,
      19.66,
      9.36,
      16.27,
      26.42,
      13.33,
      23.42,
      11.62,
      28.23,
      18.5,
      17.61,
      6.85,
      20.23,
      18.18,
      14.47,
      14.23,
      21.51,
      27.01,
      10.52,
      15.82,
      25.32,
      10.75,
      19.14,
      20.11,
      9.2,
      17.63,
      14.73,
      19.29,
      27.26,
      23.21,
      25.84,
      17.95,
      14.73,
      7.59,
      19.81,
      19.68,
      23.9,
      17.87,
      8.63,
      8.25,
      12.59,
      14.24,
      17.14,
      8.68,
      14.54,
      12.48,
      16.95,
      15.24,
      21.31,
      21.26,
      23.89,
      11.6,
      20.84,
      23.0,
      23.65
    ],
    "baseline": [
      26.91,
      14.41,
      15.96,
      21.04,
      20.32,
      14.46,
      11.15,
      22.14,
      17.36,
      19.05,
      11.52,
      13.01,
      14.51,
      15.95,
      17.5,
      16.14,
      20.84,
      14.29,
      23.86,
      18.31,
      18.93,
      20.3,
      19.82,
      19.32,
      11.75,
      11.94,
      20.86,
      23.65,
      23.34,
      15.68,
      16.66,
      13.99,
      15.2,
      20.43,
      15.06,
      11.44,
      23.45,
      15.42,
      15.94,
      12.63,
      21.35,
      10.99,
      11.53,
      15.54,
      23.89,
      9.61,
      11.03,
      24.33,
      6.82,
      10.96,
      17.09,
      17.78,
      23.48,
      11.84,
      21.91,
      16.01,
      19.32,
      21.65,
      22.33,
      25.91,
      10.96,
      11.0,
      16.78,
      20.85,
      5.65,
      16.26,
      18.26,
      12.67,
      16.03,
      20.11,
      13.46,
      15.34,
      18.69,
      12.02,
      17.77,
      12.01,
      15.63,
      19.93,
      16.52,
      15.55,
      19.55,
      14.25,
      15.52,
      14.99,
      6.84,
      17.78,
      18.89,
      12.36,
      11.88,
      22.97,
      12.8,
      19.0,
      13.29,
      10.68,
      21.39,
      16.57,
      23.75,
      20.47,
      20.66,
      19.14,
      9.32,
      14.13,
      23.02,
      13.71,
      23.05,
      12.56,
      26.18,
      20.02,
      16.83,
      7.12,
      19.81,
      17.49,
      14.8,
      13.33,
      20.73,
      27.11,
      10.08,
      14.87,
      22.56,
      11.08,
      19.06,
      19.95,
      9.33,
      18.65,
      12.84,
      20.32,
      25.85,
      21.64,
      23.59,
      18.83,
      15.21,
      7.29,
      20.45,
      19.34,
      21.87,
      17.7,
      9.27,
      8.23,
      12.98,
      14.72,
      18.04,
      8.57,
      15.48,
      12.42,
      17.0,
      15.04,
      20.12,
      21.33,
      23.71,
      12.02,
      19.89,
      22.27,
      23.61
    ],
    "ml": [
      28.48,
      15.56,
      17.18,
      20.32,
      20.76,
      16.43,
      11.13,
      20.56,
      18.67,
      18.74,
      12.05,
      13.29,
      14.84,
      16.1,
      17.98,
      16.41,
      21.16,
      15.65,
      22.64,
      18.38,
      18.65,
      20.92,
      20.11,
      20.26,
      11.97,
      11.56,
      19.71,
      23.75,
      24.52,
      15.38,
      17.68,
      14.29,
      16.58,
      20.95,
      14.91,
      11.22,
      23.44,
      15.53,
      17.4,
      12.64,
      21.52,
      11.62,
      12.13,
      15.08,
      23.4,
      9.38,
      11.27,
      23.81,
      6.74,
      10.88,
      19.4,
      17.32,
      24.79,
      11.47,
      22.0,
      17.5,
      19.55,
      22.3,
      23.72,
      27.31,
      10.65,
      11.11,
      17.92,
      20.49,
      5.69,
      16.83,
      18.61,
      13.45,
      15.86,
      21.44,
      14.51,
      17.24,
      19.13,
      11.88,
      17.78,
      12.62,
      15.81,
      19.96,
      16.19,
      15.78,
      19.28,
      14.2,
      17.51,
      15.56,
      6.87,
      18.7,
      18.93,
      13.11,
      12.51,
      24.58,
      12.85,
      18.26,
      13.47,
      10.29,
      21.6,
      17.05,
      24.42,
      21.78,
      19.94,
      19.68,
      9.48,
      13.97,
      23.23,
      14.61,
      24.92,
      12.38,
      27.84,
      19.5,
      17.86,
      6.97,
      21.22,
      17.99,
      14.68,
      13.46,
      21.27,
      26.27,
      10.17,
      15.61,
      24.69,
      10.94,
      19.47,
      19.56,
      9.11,
      19.61,
      13.61,
      20.29,
      28.63,
      24.15,
      25.93,
      18.56,
      15.44,
      7.24,
      21.38,
      19.18,
      25.0,
      17.69,
      9.23,
      8.13,
      12.9,
      14.47,
      18.79,
      8.38,
      15.07,
      12.43,
      16.45,
      14.78,
      19.18,
      22.16,
      24.57,
      12.43,
      21.64,
      22.41,
      24.65
    ]
  }
}