{
  "engine": "numpy-GBDT (fallback)",
  "metrics_ml": {
    "MAE": 0.6964870057296989,
    "MAPE": 4.059178882038511,
    "R2": 0.966171105706326
  },
  "metrics_baseline": {
    "MAE": 0.8764705882352941,
    "MAPE": 4.940559287217975,
    "R2": 0.9461317341777531
  },
  "anchor_pred_h": 21.494893859990302,
  "importances": {
    "width_mm": 0.06023054755043228,
    "height_mm": 0.017867435158501442,
    "depth_mm": 0.007492795389048991,
    "mount_panel": 0.0008645533141210375,
    "din_inclined": 0.01181556195965418,
    "cable_entries": 0.06138328530259366,
    "breakers_le63": 0.04610951008645533,
    "load_switches": 0.014697406340057636,
    "contactors": 0.05302593659942363,
    "rcd": 0.021037463976945246,
    "freq_converters": 0.09077809798270893,
    "soft_starters": 0.006051873198847263,
    "power_supplies": 0.003170028818443804,
    "phase_relays": 0.013256484149855908,
    "relays": 0.07636887608069164,
    "fans": 0.02420749279538905,
    "thermostats": 0.0,
    "fuse_holders": 0.059654178674351584,
    "signal_lamps": 0.0452449567723343,
    "analog_4_20mA": 0.08069164265129683,
    "interfaces_count": 0.027377521613832854,
    "terminals": 0.14207492795389048,
    "ip_rating": 0.04899135446685879,
    "plc_type": 0.05734870317002882,
    "hmi_type": 0.03025936599423631
  }
}